Damaged Tree,BROOKLYN,5271
Dead/Dying Tree,BROOKLYN,724
NonCompliance with Phased Reopening,BROOKLYN,3787
Street Light Condition,BROOKLYN,2777
Traffic Signal Condition,BROOKLYN,1863
Noise - Residential,BROOKLYN,18047
Noise - Street/Sidewalk,BROOKLYN,16682
Violation of Park Rules,BROOKLYN,509
Illegal Parking,BROOKLYN,9278
Illegal Fireworks,BROOKLYN,14954
Sidewalk Condition,BROOKLYN,1663
Street Condition,BROOKLYN,2698
Abandoned Vehicle,BROOKLYN,1290
Noise - Vehicle,BROOKLYN,3489
Urinating in Public,BROOKLYN,74
Non-Emergency Police Matter,BROOKLYN,5530
Street Sign - Damaged,BROOKLYN,224
Rodent,BROOKLYN,2102
New Tree Request,BROOKLYN,1190
Maintenance or Facility,BROOKLYN,1863
Drug Activity,BROOKLYN,225
Building/Use,BROOKLYN,777
COVID-19 Non-essential Construction,BROOKLYN,332
Dirty Conditions,BROOKLYN,1869
Special Projects Inspection Team (SPIT),BROOKLYN,113
Plumbing,BROOKLYN,160
FLOORING/STAIRS,BROOKLYN,813
Sewer,BROOKLYN,2207
Blocked Driveway,BROOKLYN,5799
Street Sign - Missing,BROOKLYN,260
Noise - Helicopter,BROOKLYN,554
Noise - Commercial,BROOKLYN,2450
Homeless Street Condition,BROOKLYN,711
Noise,BROOKLYN,1994
General Construction/Plumbing,BROOKLYN,2649
Animal-Abuse,BROOKLYN,287
Derelict Vehicles,BROOKLYN,1602
Elevator,BROOKLYN,704
Consumer Complaint,BROOKLYN,1442
Mold,BROOKLYN,8
Unleashed Dog,BROOKLYN,53
Overgrown Tree/Branches,BROOKLYN,2201
Root/Sewer/Sidewalk Condition,BROOKLYN,503
Water System,BROOKLYN,3573
Missed Collection (All Materials),BROOKLYN,3656
Food Establishment,BROOKLYN,457
Street Sign - Dangling,BROOKLYN,130
ELEVATOR,BROOKLYN,68
OUTSIDE BUILDING,BROOKLYN,40
APPLIANCE,BROOKLYN,790
ELECTRIC,BROOKLYN,1181
GENERAL,BROOKLYN,864
HEAT/HOT WATER,BROOKLYN,1232
PLUMBING,BROOKLYN,2049
SAFETY,BROOKLYN,337
UNSANITARY CONDITION,BROOKLYN,3852
WATER LEAK,BROOKLYN,1367
Indoor Air Quality,BROOKLYN,255
Air Quality,BROOKLYN,372
Traffic,BROOKLYN,237
Water Conservation,BROOKLYN,229
DOOR/WINDOW,BROOKLYN,1406
PAINT/PLASTER,BROOKLYN,2053
Animal in a Park,BROOKLYN,153
Electrical,BROOKLYN,73
Lost Property,BROOKLYN,11
Curb Condition,BROOKLYN,388
Smoking,BROOKLYN,90
Special Natural Area District (SNAD),BROOKLYN,3
Water Quality,BROOKLYN,84
Lead,BROOKLYN,352
Graffiti,BROOKLYN,390
Broken Parking Meter,BROOKLYN,94
Unsanitary Animal Pvt Property,BROOKLYN,101
Vending,BROOKLYN,205
Indoor Sewage,BROOKLYN,86
Construction Lead Dust,BROOKLYN,35
Unsanitary Pigeon Condition,BROOKLYN,62
DEP Street Condition,BROOKLYN,1
Noise - Park,BROOKLYN,405
Investigations and Discipline (IAD),BROOKLYN,28
Cooling Tower,BROOKLYN,5
Illegal Tree Damage,BROOKLYN,273
Noise - House of Worship,BROOKLYN,32
Drinking,BROOKLYN,219
Panhandling,BROOKLYN,13
School Maintenance,BROOKLYN,28
Sanitation Condition,BROOKLYN,180
Derelict Bicycle,BROOKLYN,124
Food Poisoning,BROOKLYN,72
Mobile Food Vendor,BROOKLYN,72
For Hire Vehicle Complaint,BROOKLYN,195
Other Enforcement,BROOKLYN,73
Taxi Complaint,BROOKLYN,64
Boilers,BROOKLYN,49
Bridge Condition,BROOKLYN,2
Hazardous Materials,BROOKLYN,133
Industrial Waste,BROOKLYN,36
Radioactive Material,BROOKLYN,1
Disorderly Youth,BROOKLYN,7
Drinking Water,BROOKLYN,14
Emergency Response Team (ERT),BROOKLYN,147
Unsanitary Animal Facility,BROOKLYN,2
Harboring Bees/Wasps,BROOKLYN,18
Illegal Animal Kept as Pet,BROOKLYN,19
Bike/Roller/Skate Chronic,BROOKLYN,46
Asbestos,BROOKLYN,60
Bus Stop Shelter Complaint,BROOKLYN,30
Homeless Person Assistance,BROOKLYN,970
For Hire Vehicle Report,BROOKLYN,8
BEST/Site Safety,BROOKLYN,20
Green Taxi Complaint,BROOKLYN,6
Poison Ivy,BROOKLYN,6
Day Care,BROOKLYN,41
Peeling Paint,BROOKLYN,7
Illegal Animal Sold,BROOKLYN,7
Beach/Pool/Sauna Complaint,BROOKLYN,7
Scaffold Safety,BROOKLYN,14
Window Guard,BROOKLYN,1
Tattooing,BROOKLYN,2
Bike Rack Condition,BROOKLYN,12
Posting Advertisement,BROOKLYN,7
Taxi Report,BROOKLYN,4
Animal Facility - No Permit,BROOKLYN,6
Cranes and Derricks,BROOKLYN,9
Pet Shop,BROOKLYN,4
Plant,BROOKLYN,7
Taxi Compliment,BROOKLYN,3
Outdoor Dining,BROOKLYN,205
Public Toilet,BROOKLYN,2
Lifeguard,BROOKLYN,9
Mosquitoes,BROOKLYN,32
Vacant Lot,BROOKLYN,12
LinkNYC,BROOKLYN,1
Standing Water,BROOKLYN,35
Bus Stop Shelter Placement,BROOKLYN,5
Recycling Enforcement,BROOKLYN,12
Overflowing Litter Baskets,BROOKLYN,1
Sweeping/Missed,BROOKLYN,1
Calorie Labeling,BROOKLYN,1
Home Delivered Meal - Missed Delivery,BROOKLYN,5
Public Payphone Complaint,BROOKLYN,1
Sweeping/Inadequate,BROOKLYN,1
Building Condition,BROOKLYN,1
Damaged Tree,QUEENS,3283
Traffic Signal Condition,QUEENS,1421
Maintenance or Facility,QUEENS,1251
Street Condition,QUEENS,2862
Street Light Condition,QUEENS,2959
Noise - Vehicle,QUEENS,4316
Sidewalk Condition,QUEENS,1323
Rodent,QUEENS,1180
Noise - Residential,QUEENS,15983
Illegal Parking,QUEENS,11039
Mobile Food Vendor,QUEENS,124
Overgrown Tree/Branches,QUEENS,2403
Food Establishment,QUEENS,398
Non-Emergency Police Matter,QUEENS,5013
Water System,QUEENS,3090
Abandoned Vehicle,QUEENS,2416
Noise - Commercial,QUEENS,2630
Violation of Park Rules,QUEENS,463
Illegal Fireworks,QUEENS,9349
Noise - Street/Sidewalk,QUEENS,7848
Building/Use,QUEENS,1412
Homeless Person Assistance,QUEENS,939
Lead,QUEENS,219
Blocked Driveway,QUEENS,6206
General Construction/Plumbing,QUEENS,1723
Drinking,QUEENS,296
Homeless Street Condition,QUEENS,422
Drug Activity,QUEENS,196
Consumer Complaint,QUEENS,1414
Illegal Tree Damage,QUEENS,238
Dead/Dying Tree,QUEENS,1134
Derelict Vehicles,QUEENS,1830
Curb Condition,QUEENS,444
Noise,QUEENS,1373
Noise - Park,QUEENS,364
Sewer,QUEENS,1862
Missed Collection (All Materials),QUEENS,3249
Investigations and Discipline (IAD),QUEENS,14
Lost Property,QUEENS,24
Smoking,QUEENS,62
Dirty Conditions,QUEENS,1591
PLUMBING,QUEENS,846
UNSANITARY CONDITION,QUEENS,1473
DOOR/WINDOW,QUEENS,445
Plumbing,QUEENS,118
Boilers,QUEENS,32
Water Conservation,QUEENS,319
Air Quality,QUEENS,327
Hazardous Materials,QUEENS,110
Elevator,QUEENS,345
X-Ray Machine/Equipment,QUEENS,17
COVID-19 Non-essential Construction,QUEENS,212
Highway Condition,QUEENS,3
GENERAL,QUEENS,260
New Tree Request,QUEENS,956
Root/Sewer/Sidewalk Condition,QUEENS,866
Unleashed Dog,QUEENS,49
Traffic,QUEENS,240
ELECTRIC,QUEENS,510
PAINT/PLASTER,QUEENS,577
WATER LEAK,QUEENS,384
SAFETY,QUEENS,182
Cooling Tower,QUEENS,7
Street Sign - Dangling,QUEENS,138
Animal in a Park,QUEENS,103
Noise - Helicopter,QUEENS,339
HEAT/HOT WATER,QUEENS,550
Animal-Abuse,QUEENS,229
Indoor Sewage,QUEENS,36
Indoor Air Quality,QUEENS,145
Street Sign - Missing,QUEENS,236
Graffiti,QUEENS,152
Taxi Complaint,QUEENS,77
Street Sign - Damaged,QUEENS,287
Special Projects Inspection Team (SPIT),QUEENS,109
Broken Parking Meter,QUEENS,132
Bike/Roller/Skate Chronic,QUEENS,26
For Hire Vehicle Complaint,QUEENS,107
Sanitation Condition,QUEENS,110
For Hire Vehicle Report,QUEENS,11
FLOORING/STAIRS,QUEENS,227
Emergency Response Team (ERT),QUEENS,101
Unsanitary Animal Pvt Property,QUEENS,134
Vending,QUEENS,248
APPLIANCE,QUEENS,284
Posting Advertisement,QUEENS,5
Illegal Animal Kept as Pet,QUEENS,25
Urinating in Public,QUEENS,59
Food Poisoning,QUEENS,74
Unsanitary Pigeon Condition,QUEENS,65
Water Quality,QUEENS,66
School Maintenance,QUEENS,14
Green Taxi Complaint,QUEENS,5
Noise - House of Worship,QUEENS,18
Drinking Water,QUEENS,13
Bus Stop Shelter Complaint,QUEENS,35
Harboring Bees/Wasps,QUEENS,25
Derelict Bicycle,QUEENS,26
Beach/Pool/Sauna Complaint,QUEENS,17
DSNY Spillage,QUEENS,1
Panhandling,QUEENS,10
Electrical,QUEENS,86
Mold,QUEENS,4
Bus Stop Shelter Placement,QUEENS,7
OUTSIDE BUILDING,QUEENS,18
Peeling Paint,QUEENS,3
Unsanitary Animal Facility,QUEENS,2
Disorderly Youth,QUEENS,8
NonCompliance with Phased Reopening,QUEENS,3643
Construction Lead Dust,QUEENS,10
Asbestos,QUEENS,39
Taxi Report,QUEENS,12
Public Payphone Complaint,QUEENS,7
Pet Shop,QUEENS,9
Green Taxi Report,QUEENS,2
Industrial Waste,QUEENS,44
BEST/Site Safety,QUEENS,5
ELEVATOR,QUEENS,24
Recycling Enforcement,QUEENS,9
Animal Facility - No Permit,QUEENS,4
Tattooing,QUEENS,5
LinkNYC,QUEENS,3
Poison Ivy,QUEENS,17
Mosquitoes,QUEENS,120
Outdoor Dining,QUEENS,262
Plant,QUEENS,4
Scaffold Safety,QUEENS,3
Taxi Compliment,QUEENS,1
Day Care,QUEENS,37
Other Enforcement,QUEENS,58
Illegal Animal Sold,QUEENS,4
Vacant Lot,QUEENS,2
Cranes and Derricks,QUEENS,3
Standing Water,QUEENS,36
Overflowing Litter Baskets,QUEENS,1
Miscellaneous Categories,QUEENS,1
DEP Street Condition,QUEENS,9
Bike Rack Condition,QUEENS,4
Home Delivered Meal - Missed Delivery,QUEENS,5
Lifeguard,QUEENS,2
Radioactive Material,QUEENS,1
Special Natural Area District (SNAD),QUEENS,1
Dept of Investigations,QUEENS,1
Highway Condition,Unspecified,457
Sidewalk Condition,Unspecified,28
Bridge Condition,Unspecified,36
Street Sign - Missing,Unspecified,3
Damaged Tree,Unspecified,209
Overgrown Tree/Branches,Unspecified,91
Food Establishment,Unspecified,120
Ferry Inquiry,Unspecified,30
For Hire Vehicle Complaint,Unspecified,20
Noise - Park,Unspecified,14
Traffic,Unspecified,42
Dead/Dying Tree,Unspecified,48
Broken Parking Meter,Unspecified,99
New Tree Request,Unspecified,98
Municipal Parking Facility,Unspecified,8
Ferry Complaint,Unspecified,41
Homeless Street Condition,Unspecified,23
Root/Sewer/Sidewalk Condition,Unspecified,22
Illegal Fireworks,Unspecified,69
Highway Sign - Damaged,Unspecified,23
NonCompliance with Phased Reopening,Unspecified,3
Noise - Residential,Unspecified,23
Noise - Commercial,Unspecified,5
Noise - Street/Sidewalk,Unspecified,53
Highway Sign - Missing,Unspecified,7
Noise - Vehicle,Unspecified,5
Abandoned Vehicle,Unspecified,5
Illegal Tree Damage,Unspecified,17
Consumer Complaint,Unspecified,24
Street Light Condition,Unspecified,114
Sewer,Unspecified,6
Animal in a Park,Unspecified,5
Water System,Unspecified,2
Street Condition,Unspecified,28
Traffic Signal Condition,Unspecified,62
Non-Emergency Police Matter,Unspecified,4
Home Delivered Meal - Missed Delivery,Unspecified,62
Illegal Parking,Unspecified,2
Maintenance or Facility,Unspecified,27
Public Payphone Complaint,Unspecified,16
LinkNYC,Unspecified,23
Dirty Conditions,Unspecified,27
Street Sign - Damaged,Unspecified,3
Homeless Person Assistance,Unspecified,11
Outdoor Dining,Unspecified,3
Curb Condition,Unspecified,3
Other Enforcement,Unspecified,1
Derelict Vehicles,Unspecified,24
Violation of Park Rules,Unspecified,9
Street Sign - Dangling,Unspecified,8
Taxi Complaint,Unspecified,12
COVID-19 Non-essential Construction,Unspecified,1
Hazardous Materials,Unspecified,2
Lost Property,Unspecified,2
Blocked Driveway,Unspecified,1
Day Care,Unspecified,3
For Hire Vehicle Report,Unspecified,2
Elevator,Unspecified,1
Special Natural Area District (SNAD),Unspecified,1
Taxi Report,Unspecified,2
School Maintenance,Unspecified,1
Highway Sign - Dangling,Unspecified,2
Electrical,Unspecified,1
Indoor Air Quality,Unspecified,1
Special Projects Inspection Team (SPIT),Unspecified,1
General Construction/Plumbing,Unspecified,3
Derelict Bicycle,Unspecified,1
Street Light Condition,BRONX,2958
Noise - Vehicle,BRONX,7425
Homeless Street Condition,BRONX,178
Noise - Street/Sidewalk,BRONX,24825
Drug Activity,BRONX,232
Illegal Parking,BRONX,5519
Violation of Park Rules,BRONX,441
Non-Emergency Police Matter,BRONX,2819
Street Sign - Damaged,BRONX,80
Dead/Dying Tree,BRONX,198
Noise - Residential,BRONX,33743
Noise - Commercial,BRONX,1623
Animal-Abuse,BRONX,225
Water System,BRONX,4536
Street Condition,BRONX,903
Illegal Fireworks,BRONX,8194
Curb Condition,BRONX,74
Noise,BRONX,541
UNSANITARY CONDITION,BRONX,3798
Consumer Complaint,BRONX,865
Noise - Park,BRONX,815
Blocked Driveway,BRONX,3499
Overgrown Tree/Branches,BRONX,528
Sidewalk Condition,BRONX,412
Water Conservation,BRONX,270
Abandoned Vehicle,BRONX,760
Elevator,BRONX,799
Damaged Tree,BRONX,800
Indoor Air Quality,BRONX,122
Rodent,BRONX,998
Mobile Food Vendor,BRONX,51
Smoking,BRONX,95
APPLIANCE,BRONX,1011
DOOR/WINDOW,BRONX,1504
GENERAL,BRONX,1060
HEAT/HOT WATER,BRONX,1462
PAINT/PLASTER,BRONX,2244
PLUMBING,BRONX,2314
SAFETY,BRONX,283
WATER LEAK,BRONX,1337
Root/Sewer/Sidewalk Condition,BRONX,262
Missed Collection (All Materials),BRONX,636
Air Quality,BRONX,145
Noise - Helicopter,BRONX,12
Sewer,BRONX,633
Traffic Signal Condition,BRONX,751
ELECTRIC,BRONX,1387
FLOORING/STAIRS,BRONX,915
ELEVATOR,BRONX,84
Boilers,BRONX,52
General Construction/Plumbing,BRONX,626
Indoor Sewage,BRONX,46
Animal in a Park,BRONX,45
Dirty Conditions,BRONX,981
Traffic,BRONX,87
Construction Lead Dust,BRONX,11
Hazardous Materials,BRONX,57
Maintenance or Facility,BRONX,1133
Food Establishment,BRONX,184
Emergency Response Team (ERT),BRONX,35
Unsanitary Animal Pvt Property,BRONX,82
Street Sign - Dangling,BRONX,58
Beach/Pool/Sauna Complaint,BRONX,6
New Tree Request,BRONX,236
School Maintenance,BRONX,19
COVID-19 Non-essential Construction,BRONX,51
Building/Use,BRONX,341
Vending,BRONX,153
Noise - House of Worship,BRONX,14
Broken Parking Meter,BRONX,62
Cranes and Derricks,BRONX,3
Derelict Vehicles,BRONX,859
Disorderly Youth,BRONX,6
Asbestos,BRONX,29
Food Poisoning,BRONX,43
Derelict Bicycle,BRONX,16
Drinking,BRONX,266
Cooling Tower,BRONX,1
Lead,BRONX,76
Industrial Waste,BRONX,22
Bus Stop Shelter Complaint,BRONX,17
OUTSIDE BUILDING,BRONX,33
Illegal Tree Damage,BRONX,88
Street Sign - Missing,BRONX,104
For Hire Vehicle Complaint,BRONX,94
Bike/Roller/Skate Chronic,BRONX,27
Unleashed Dog,BRONX,18
Graffiti,BRONX,68
Plumbing,BRONX,68
Lifeguard,BRONX,2
Taxi Complaint,BRONX,36
Unsanitary Pigeon Condition,BRONX,16
Electrical,BRONX,34
Other Enforcement,BRONX,22
Mold,BRONX,4
Water Quality,BRONX,29
Illegal Animal Kept as Pet,BRONX,24
Drinking Water,BRONX,9
Sanitation Condition,BRONX,86
NonCompliance with Phased Reopening,BRONX,1270
Urinating in Public,BRONX,29
Squeegee,BRONX,1
Window Guard,BRONX,4
Panhandling,BRONX,6
Poison Ivy,BRONX,10
Peeling Paint,BRONX,3
Standing Water,BRONX,17
Tattooing,BRONX,11
Homeless Person Assistance,BRONX,296
Pet Shop,BRONX,4
Investigations and Discipline (IAD),BRONX,11
Public Toilet,BRONX,2
Public Payphone Complaint,BRONX,4
BEST/Site Safety,BRONX,3
Green Taxi Complaint,BRONX,2
Lost Property,BRONX,5
Bike Rack Condition,BRONX,2
Recycling Enforcement,BRONX,4
Outdoor Dining,BRONX,52
Harboring Bees/Wasps,BRONX,8
LinkNYC,BRONX,1
For Hire Vehicle Report,BRONX,7
Special Projects Inspection Team (SPIT),BRONX,22
Dept of Investigations,BRONX,2
Day Care,BRONX,14
Mosquitoes,BRONX,11
Scaffold Safety,BRONX,3
Miscellaneous Categories,BRONX,1
DSNY Spillage,BRONX,1
Taxi Report,BRONX,1
Plant,BRONX,2
Vacant Lot,BRONX,3
Animal Facility - No Permit,BRONX,2
Illegal Animal Sold,BRONX,2
Bus Stop Shelter Placement,BRONX,3
Home Delivered Meal - Missed Delivery,BRONX,2
Street Light Condition,MANHATTAN,1827
Noise - Street/Sidewalk,MANHATTAN,25776
Noise - Vehicle,MANHATTAN,4178
Illegal Parking,MANHATTAN,4003
Drug Activity,MANHATTAN,226
Abandoned Vehicle,MANHATTAN,314
Damaged Tree,MANHATTAN,331
Noise - Residential,MANHATTAN,9885
Vending,MANHATTAN,406
Maintenance or Facility,MANHATTAN,982
Traffic Signal Condition,MANHATTAN,969
Water System,MANHATTAN,2558
Illegal Tree Damage,MANHATTAN,81
NonCompliance with Phased Reopening,MANHATTAN,3964
Non-Emergency Police Matter,MANHATTAN,5373
Homeless Street Condition,MANHATTAN,2145
Noise - Commercial,MANHATTAN,2364
Bike/Roller/Skate Chronic,MANHATTAN,89
Overgrown Tree/Branches,MANHATTAN,226
Broken Parking Meter,MANHATTAN,188
Noise - Park,MANHATTAN,546
Street Sign - Missing,MANHATTAN,60
Noise - Helicopter,MANHATTAN,622
Rodent,MANHATTAN,1190
Blocked Driveway,MANHATTAN,733
Illegal Fireworks,MANHATTAN,11657
Street Condition,MANHATTAN,1131
Consumer Complaint,MANHATTAN,1462
Noise,MANHATTAN,2373
COVID-19 Non-essential Construction,MANHATTAN,284
New Tree Request,MANHATTAN,579
Animal-Abuse,MANHATTAN,159
Animal in a Park,MANHATTAN,173
Graffiti,MANHATTAN,260
General Construction/Plumbing,MANHATTAN,1132
Food Establishment,MANHATTAN,365
Sidewalk Condition,MANHATTAN,548
DOOR/WINDOW,MANHATTAN,864
ELECTRIC,MANHATTAN,525
Dirty Conditions,MANHATTAN,761
Derelict Bicycle,MANHATTAN,126
HEAT/HOT WATER,MANHATTAN,939
PAINT/PLASTER,MANHATTAN,1239
PLUMBING,MANHATTAN,1432
UNSANITARY CONDITION,MANHATTAN,2140
Violation of Park Rules,MANHATTAN,592
Elevator,MANHATTAN,844
Sewer,MANHATTAN,320
Air Quality,MANHATTAN,297
FLOORING/STAIRS,MANHATTAN,579
GENERAL,MANHATTAN,765
WATER LEAK,MANHATTAN,740
Indoor Air Quality,MANHATTAN,238
Urinating in Public,MANHATTAN,106
SAFETY,MANHATTAN,160
Curb Condition,MANHATTAN,164
Lead,MANHATTAN,188
Lost Property,MANHATTAN,159
Asbestos,MANHATTAN,58
Water Quality,MANHATTAN,43
Drinking Water,MANHATTAN,6
Taxi Complaint,MANHATTAN,208
Unsanitary Animal Pvt Property,MANHATTAN,42
Scaffold Safety,MANHATTAN,10
Traffic,MANHATTAN,154
Hazardous Materials,MANHATTAN,72
Smoking,MANHATTAN,93
Street Sign - Dangling,MANHATTAN,73
APPLIANCE,MANHATTAN,420
Derelict Vehicles,MANHATTAN,181
Construction Lead Dust,MANHATTAN,32
Mobile Food Vendor,MANHATTAN,99
Missed Collection (All Materials),MANHATTAN,516
Bus Stop Shelter Complaint,MANHATTAN,43
Emergency Response Team (ERT),MANHATTAN,110
Food Poisoning,MANHATTAN,63
Dead/Dying Tree,MANHATTAN,135
Water Conservation,MANHATTAN,111
Drinking,MANHATTAN,184
Sanitation Condition,MANHATTAN,83
Boilers,MANHATTAN,38
Street Sign - Damaged,MANHATTAN,120
School Maintenance,MANHATTAN,24
Taxi Report,MANHATTAN,22
For Hire Vehicle Complaint,MANHATTAN,229
Special Projects Inspection Team (SPIT),MANHATTAN,123
Green Taxi Complaint,MANHATTAN,8
Cooling Tower,MANHATTAN,3
Building/Use,MANHATTAN,164
Public Toilet,MANHATTAN,4
Panhandling,MANHATTAN,33
Public Payphone Complaint,MANHATTAN,27
Unsanitary Pigeon Condition,MANHATTAN,48
Indoor Sewage,MANHATTAN,32
Posting Advertisement,MANHATTAN,2
Root/Sewer/Sidewalk Condition,MANHATTAN,20
OUTSIDE BUILDING,MANHATTAN,17
Borough Office,MANHATTAN,3
Disorderly Youth,MANHATTAN,5
Investigations and Discipline (IAD),MANHATTAN,7
Noise - House of Worship,MANHATTAN,8
Illegal Animal Sold,MANHATTAN,4
For Hire Vehicle Report,MANHATTAN,9
Electrical,MANHATTAN,38
Unleashed Dog,MANHATTAN,19
Building Condition,MANHATTAN,1
Mosquitoes,MANHATTAN,10
Green Taxi Report,MANHATTAN,1
Homeless Person Assistance,MANHATTAN,2847
Pet Shop,MANHATTAN,7
Illegal Animal Kept as Pet,MANHATTAN,4
ELEVATOR,MANHATTAN,34
Radioactive Material,MANHATTAN,1
Squeegee,MANHATTAN,4
Plumbing,MANHATTAN,50
Mold,MANHATTAN,6
Outdoor Dining,MANHATTAN,301
Animal Facility - No Permit,MANHATTAN,1
Bike Rack Condition,MANHATTAN,14
BEST/Site Safety,MANHATTAN,14
Recycling Enforcement,MANHATTAN,7
Unsanitary Animal Facility,MANHATTAN,1
Industrial Waste,MANHATTAN,17
Peeling Paint,MANHATTAN,1
Other Enforcement,MANHATTAN,56
LinkNYC,MANHATTAN,6
Harboring Bees/Wasps,MANHATTAN,5
Vacant Lot,MANHATTAN,2
Standing Water,MANHATTAN,8
Found Property,MANHATTAN,2
Day Care,MANHATTAN,12
Overflowing Litter Baskets,MANHATTAN,1
Cranes and Derricks,MANHATTAN,2
Special Natural Area District (SNAD),MANHATTAN,1
Taxi Compliment,MANHATTAN,4
Beach/Pool/Sauna Complaint,MANHATTAN,3
Bus Stop Shelter Placement,MANHATTAN,3
Lifeguard,MANHATTAN,1
Tattooing,MANHATTAN,1
Poison Ivy,MANHATTAN,1
Home Delivered Meal - Missed Delivery,MANHATTAN,2
Plant,MANHATTAN,1
Illegal Fireworks,STATEN ISLAND,2624
Animal in a Park,STATEN ISLAND,66
Illegal Parking,STATEN ISLAND,1182
Overgrown Tree/Branches,STATEN ISLAND,774
General Construction/Plumbing,STATEN ISLAND,361
Homeless Person Assistance,STATEN ISLAND,58
Missed Collection (All Materials),STATEN ISLAND,1942
Noise - Residential,STATEN ISLAND,2700
Root/Sewer/Sidewalk Condition,STATEN ISLAND,250
Street Light Condition,STATEN ISLAND,742
Non-Emergency Police Matter,STATEN ISLAND,774
Rodent,STATEN ISLAND,321
Violation of Park Rules,STATEN ISLAND,54
Sewer,STATEN ISLAND,539
Noise - Street/Sidewalk,STATEN ISLAND,818
Water System,STATEN ISLAND,949
Dirty Conditions,STATEN ISLAND,475
Maintenance or Facility,STATEN ISLAND,179
UNSANITARY CONDITION,STATEN ISLAND,309
Noise - Vehicle,STATEN ISLAND,175
Damaged Tree,STATEN ISLAND,773
Abandoned Vehicle,STATEN ISLAND,433
Sidewalk Condition,STATEN ISLAND,613
Street Sign - Dangling,STATEN ISLAND,39
Drug Activity,STATEN ISLAND,33
Blocked Driveway,STATEN ISLAND,495
Illegal Tree Damage,STATEN ISLAND,71
Consumer Complaint,STATEN ISLAND,138
Dead/Dying Tree,STATEN ISLAND,393
Water Conservation,STATEN ISLAND,60
COVID-19 Non-essential Construction,STATEN ISLAND,26
PAINT/PLASTER,STATEN ISLAND,128
Unsanitary Animal Pvt Property,STATEN ISLAND,46
Food Establishment,STATEN ISLAND,95
Noise,STATEN ISLAND,260
Street Condition,STATEN ISLAND,735
New Tree Request,STATEN ISLAND,137
Homeless Street Condition,STATEN ISLAND,30
Traffic,STATEN ISLAND,47
Urinating in Public,STATEN ISLAND,5
Derelict Vehicles,STATEN ISLAND,240
Water Quality,STATEN ISLAND,18
Traffic Signal Condition,STATEN ISLAND,211
Poison Ivy,STATEN ISLAND,23
HEAT/HOT WATER,STATEN ISLAND,35
SAFETY,STATEN ISLAND,28
Indoor Air Quality,STATEN ISLAND,81
Noise - Commercial,STATEN ISLAND,153
Animal-Abuse,STATEN ISLAND,77
Construction Lead Dust,STATEN ISLAND,1
Street Sign - Missing,STATEN ISLAND,76
Curb Condition,STATEN ISLAND,84
Harboring Bees/Wasps,STATEN ISLAND,10
Building/Use,STATEN ISLAND,171
WATER LEAK,STATEN ISLAND,91
Street Sign - Damaged,STATEN ISLAND,53
ELECTRIC,STATEN ISLAND,98
School Maintenance,STATEN ISLAND,8
Graffiti,STATEN ISLAND,124
Indoor Sewage,STATEN ISLAND,19
Air Quality,STATEN ISLAND,56
Emergency Response Team (ERT),STATEN ISLAND,16
Hazardous Materials,STATEN ISLAND,32
Lead,STATEN ISLAND,37
Smoking,STATEN ISLAND,19
Special Projects Inspection Team (SPIT),STATEN ISLAND,12
FLOORING/STAIRS,STATEN ISLAND,48
Industrial Waste,STATEN ISLAND,19
Food Poisoning,STATEN ISLAND,3
Other Enforcement,STATEN ISLAND,11
DOOR/WINDOW,STATEN ISLAND,93
Plumbing,STATEN ISLAND,37
Mold,STATEN ISLAND,8
Noise - Park,STATEN ISLAND,16
Bike/Roller/Skate Chronic,STATEN ISLAND,12
NonCompliance with Phased Reopening,STATEN ISLAND,696
APPLIANCE,STATEN ISLAND,48
Elevator,STATEN ISLAND,24
Mobile Food Vendor,STATEN ISLAND,5
PLUMBING,STATEN ISLAND,135
Noise - House of Worship,STATEN ISLAND,4
Unleashed Dog,STATEN ISLAND,10
Electrical,STATEN ISLAND,18
Beach/Pool/Sauna Complaint,STATEN ISLAND,18
Unsanitary Pigeon Condition,STATEN ISLAND,9
Drinking,STATEN ISLAND,7
Bus Stop Shelter Complaint,STATEN ISLAND,7
Asbestos,STATEN ISLAND,5
Illegal Animal Kept as Pet,STATEN ISLAND,13
GENERAL,STATEN ISLAND,65
Vending,STATEN ISLAND,3
Day Care,STATEN ISLAND,5
Special Natural Area District (SNAD),STATEN ISLAND,3
For Hire Vehicle Complaint,STATEN ISLAND,5
Panhandling,STATEN ISLAND,2
Outdoor Dining,STATEN ISLAND,9
Mosquitoes,STATEN ISLAND,15
OUTSIDE BUILDING,STATEN ISLAND,2
Sanitation Condition,STATEN ISLAND,17
Recycling Enforcement,STATEN ISLAND,5
ELEVATOR,STATEN ISLAND,1
Tattooing,STATEN ISLAND,1
Vacant Lot,STATEN ISLAND,2
Taxi Complaint,STATEN ISLAND,7
Standing Water,STATEN ISLAND,23
Investigations and Discipline (IAD),STATEN ISLAND,3
BEST/Site Safety,STATEN ISLAND,1
Scaffold Safety,STATEN ISLAND,1
Dept of Investigations,STATEN ISLAND,1
Noise - Helicopter,STATEN ISLAND,2
Home Delivered Meal - Missed Delivery,STATEN ISLAND,1
Derelict Bicycle,STATEN ISLAND,1
For Hire Vehicle Report,STATEN ISLAND,1
Illegal Animal Sold,STATEN ISLAND,1
Peeling Paint,STATEN ISLAND,1
Drinking Water,STATEN ISLAND,1
Broken Parking Meter,STATEN ISLAND,1
Disorderly Youth,STATEN ISLAND,1